,Ref
60,61
74,75
75,76
76,77
87,88
88,89
89,90
90,91
100,101
101,102
102,103
103,104
104,105
105,106
106,107
114,115
115,116
116,117
118,119
120,121
128,129
133,134
142,143
143,144
144,145
145,146
146,147
147,148
148,149
149,150
155,156
156,157
158,159
159,160
160,161
161,162
162,163
163,164
170,171
171,172
172,173
174,175
175,176
176,177
177,178
183,184
184,185
185,186
186,187
187,188
188,189
189,190
190,191
191,192
197,198
198,199
199,200
200,201
201,202
202,203
204,205
205,206
212,213
213,214
214,215
215,216
216,217
227,228
228,229
229,230
232,233
233,234
241,242
245,246
246,247
247,248
248,249
262,263
271,272
273,274
274,275
285,286
286,287
287,288
289,290
290,291
298,299
299,300
300,301
303,304
315,316
326,327
327,328
330,331
341,342
342,343
344,345
354,355
355,356
368,369
381,382
396,397
411,412
